#,MM:DD:YYYY,HH:MM:SS,PM1.0,PM2.5,PM10.0,TVOC(ppb),CO2(ppm)
 1    , 9/12/2021, 3:33:45 PM,   4,  14,  14,    0,  400
 2    , 9/12/2021, 3:34: 0 PM,   7,  19,  22,  916,  400
 3    , 9/12/2021, 3:35: 0 PM,   4,   5,   5,   80,  400
 4    , 9/12/2021, 3:36: 0 PM,   4,   7,  10,    0,  400
 5    , 9/12/2021, 3:37: 0 PM,   4,   5,   8,    0,  400
 6    , 9/12/2021, 3:38: 0 PM,   4,   7,   8,    0,  400
 7    , 9/12/2021, 3:39: 0 PM,   4,   5,   5,    0,  400
 8    , 9/12/2021, 3:40: 0 PM,   4,   7,   7,    0,  400
 9    , 9/12/2021, 3:41: 0 PM,   4,   5,   8,    0,  400
 10   , 9/12/2021, 3:42: 0 PM,   4,   5,   6,    0,  400
 11   , 9/12/2021, 3:43: 0 PM,   4,   5,   5,    0,  400
 12   , 9/12/2021, 3:44: 0 PM,   4,   5,   8,    0,  400
 13   , 9/12/2021, 3:45: 0 PM,   2,   4,   5,    0,  400
 14   , 9/12/2021, 3:46: 0 PM,   4,   5,   8,    0,  400
 15   , 9/12/2021, 3:47: 0 PM,   3,   4,   4,    0,  400
 16   , 9/12/2021, 3:48: 0 PM,   2,   3,   3,    0,  400
 17   , 9/12/2021, 3:49: 0 PM,   4,   5,   5,    0,  400
 18   , 9/12/2021, 3:50: 0 PM,   3,   4,   4,    0,  400
 19   , 9/12/2021, 3:51: 0 PM,   3,   5,   6,    0,  400
 20   , 9/12/2021, 3:52: 0 PM,   4,   4,   4,    0,  400
 21   , 9/12/2021, 3:53: 0 PM,   4,   7,   8,    0,  400
 22   , 9/12/2021, 3:54: 0 PM,   2,   3,   5,    0,  400
 23   , 9/12/2021, 3:55: 0 PM,   4,   4,   4,    0,  400
 24   , 9/12/2021, 3:56: 0 PM,   3,   4,   5,    0,  400
 25   , 9/12/2021, 3:57: 0 PM,   2,   3,   5,    0,  400
 26   , 9/12/2021, 3:58: 0 PM,   3,   3,   3,    0,  400
 27   , 9/12/2021, 3:59: 0 PM,   2,   3,   4,    0,  400
 28   , 9/12/2021, 4: 0: 0 PM,   1,   4,   6,    0,  400
 29   , 9/12/2021, 4: 1: 0 PM,   3,   3,   5,    0,  400
 30   , 9/12/2021, 4: 2: 0 PM,   4,   4,   4,    0,  400
 31   , 9/12/2021, 4: 3: 0 PM,   3,   5,   6,    0,  400
 32   , 9/12/2021, 4: 4: 0 PM,   3,   4,   5,    0,  400
 33   , 9/12/2021, 4: 5: 0 PM,   2,   3,   3,    0,  400
 34   , 9/12/2021, 4: 6: 0 PM,   2,   3,   4,    0,  400
 35   , 9/12/2021, 4: 7: 0 PM,   3,   5,   7,    0,  400
 36   , 9/12/2021, 4: 8: 0 PM,   4,   6,   6,    0,  400
 37   , 9/12/2021, 4: 9: 0 PM,   5,   6,   6,    0,  400
 38   , 9/12/2021, 4:10: 0 PM,   2,   3,   3,    0,  400
 39   , 9/12/2021, 4:11: 0 PM,   1,   2,   2,    0,  400
 40   , 9/12/2021, 4:12: 0 PM,   4,   6,   6,    0,  400
 41   , 9/12/2021, 4:13: 0 PM,   3,   3,   5,    0,  400
 42   , 9/12/2021, 4:14: 0 PM,   3,   5,   5,    0,  400
 43   , 9/12/2021, 4:15: 0 PM,   2,   3,   3,    0,  400
 44   , 9/12/2021, 4:16: 0 PM,   3,   4,   5,    0,  400
 45   , 9/12/2021, 4:17: 0 PM,   2,   3,   4,    0,  400
 46   , 9/12/2021, 4:18: 0 PM,   3,   4,   5,    0,  400
 47   , 9/12/2021, 4:19: 0 PM,   1,   3,   3,    0,  400
 48   , 9/12/2021, 4:20: 0 PM,   3,   4,   5,    0,  400
 49   , 9/12/2021, 4:21: 0 PM,   5,   7,  10,    0,  400
 50   , 9/12/2021, 4:22: 0 PM,   3,   5,   6,    0,  400
 51   , 9/12/2021, 4:23: 0 PM,   3,   5,   5,    0,  400
 52   , 9/12/2021, 4:24: 0 PM,   4,   6,   9,    0,  400
 53   , 9/12/2021, 4:25: 0 PM,   3,   3,   5,    0,  400
 54   , 9/12/2021, 4:26: 0 PM,   5,   6,   6,    0,  400
 55   , 9/12/2021, 4:27: 0 PM,   4,   5,   6,    0,  400
 56   , 9/12/2021, 4:28: 0 PM,   4,   5,   5,    0,  400
 57   , 9/12/2021, 4:29: 0 PM,   2,   4,   6,    0,  400
 58   , 9/12/2021, 4:30: 0 PM,   3,   4,   5,    0,  400
 59   , 9/12/2021, 4:31: 0 PM,   5,   6,   6,    0,  400
 60   , 9/12/2021, 4:32: 0 PM,   4,   5,   7,    0,  400
 61   , 9/12/2021, 4:33: 0 PM,   4,   5,   5,    0,  400
 62   , 9/12/2021, 4:34: 0 PM,   3,   5,   5,    0,  400
 63   , 9/12/2021, 4:35: 0 PM,   3,   4,   4,    0,  400
 64   , 9/12/2021, 4:36: 0 PM,   3,   6,   6,    0,  400
 65   , 9/12/2021, 4:37: 0 PM,   2,   4,   4,    0,  400
 66   , 9/12/2021, 4:38: 0 PM,   3,   4,   6,    0,  400
 67   , 9/12/2021, 4:39: 0 PM,   3,   3,   3,    0,  400
 68   , 9/12/2021, 4:40: 0 PM,   3,   4,   4,    0,  400
 69   , 9/12/2021, 4:41: 0 PM,   4,   6,   7,    0,  400
 70   , 9/12/2021, 4:42: 0 PM,   4,   6,   6,    0,  400
 71   , 9/12/2021, 4:43: 0 PM,   3,   3,   6,    0,  400
 72   , 9/12/2021, 4:44: 0 PM,   4,   7,  12,    0,  400
 73   , 9/12/2021, 4:45: 0 PM,   3,   4,   4,    0,  400
 74   , 9/12/2021, 4:46: 0 PM,   2,   2,   4,    0,  400
 75   , 9/12/2021, 4:47: 0 PM,   3,   5,   6,    0,  400
 76   , 9/12/2021, 4:48: 0 PM,   3,   3,   3,    0,  400
 77   , 9/12/2021, 4:49: 0 PM,   3,   4,   4,    0,  400
 78   , 9/12/2021, 4:50: 0 PM,   2,   3,   3,    0,  400
 79   , 9/12/2021, 4:51: 0 PM,   4,   5,   7,    0,  400
 80   , 9/12/2021, 4:52: 0 PM,   2,   3,  10,    0,  400
 81   , 9/12/2021, 4:53: 0 PM,   3,   3,   3,    0,  400
 82   , 9/12/2021, 4:54: 0 PM,   2,   3,   3,    0,  400
 83   , 9/12/2021, 4:55: 0 PM,   3,   6,   6,    0,  400
 84   , 9/12/2021, 4:56: 0 PM,   3,   4,   4,    0,  400
 85   , 9/12/2021, 4:57: 0 PM,   3,   5,   5,    0,  400
 86   , 9/12/2021, 4:58: 0 PM,   2,   2,   2,    0,  400
 87   , 9/12/2021, 4:59: 0 PM,   1,   2,   2,    0,  400
 88   , 9/12/2021, 5: 0: 0 PM,   1,   1,   1,    0,  400
 89   , 9/12/2021, 5: 1: 0 PM,   2,   4,   6,    0,  400
 90   , 9/12/2021, 5: 2: 0 PM,   0,   1,   1,    0,  400
 91   , 9/12/2021, 5: 3: 0 PM,   1,   1,   1,    0,  400
 92   , 9/12/2021, 5: 4: 0 PM,   2,   2,   4,    0,  400
 93   , 9/12/2021, 5: 5: 0 PM,   2,   3,   3,    0,  400
 94   , 9/12/2021, 5: 6: 0 PM,   1,   2,   2,    0,  400
 95   , 9/12/2021, 5: 7: 0 PM,   1,   2,   2,    0,  400
 96   , 9/12/2021, 5: 8: 0 PM,   1,   1,   1,    0,  400
 97   , 9/12/2021, 5: 9: 0 PM,   0,   1,   1,    0,  400
 98   , 9/12/2021, 5:10: 0 PM,   1,   3,   5,    0,  400
 99   , 9/12/2021, 5:11: 0 PM,   2,   3,   3,    0,  400
 100  , 9/12/2021, 5:12: 0 PM,   1,   3,   3,    0,  400
 101  , 9/12/2021, 5:13: 0 PM,   3,   3,   3,    0,  400
 102  , 9/12/2021, 5:14: 0 PM,   3,   3,   3,    0,  400
 103  , 9/12/2021, 5:15: 0 PM,   3,   6,   6,    0,  400
 104  , 9/12/2021, 5:16: 0 PM,   2,   3,   3,    0,  400
 105  , 9/12/2021, 5:17: 0 PM,   2,   2,   4,    0,  400
 106  , 9/12/2021, 5:18: 0 PM,   4,   5,   5,    0,  400
 107  , 9/12/2021, 5:19: 0 PM,   2,   3,   3,    0,  400
 108  , 9/12/2021, 5:20: 0 PM,   2,   3,   5,    0,  400
 109  , 9/12/2021, 5:21: 0 PM,   2,   4,   4,    0,  400
 110  , 9/12/2021, 5:22: 0 PM,   6,  12,  14,    0,  400
 111  , 9/12/2021, 5:23: 0 PM,   5,   6,   6,    0,  400
 112  , 9/12/2021, 5:24: 0 PM,   5,   6,  10,    0,  400
 113  , 9/12/2021, 5:25: 0 PM,   4,   6,   6,    0,  400
 114  , 9/12/2021, 5:26: 0 PM,   4,   5,   6,    0,  400
 115  , 9/12/2021, 5:27: 0 PM,   5,   6,   7,    0,  400
 116  , 9/12/2021, 5:28: 0 PM,   4,   5,   8,    0,  400
 117  , 9/12/2021, 5:29: 0 PM,   3,   3,   3,    0,  400
 118  , 9/12/2021, 5:30: 0 PM,   3,   5,   6,    0,  400
 119  , 9/12/2021, 5:31: 0 PM,   4,   6,   8,    0,  400
 120  , 9/12/2021, 5:32: 0 PM,   3,   4,   4,    0,  400
 121  , 9/12/2021, 5:33: 0 PM,   4,   6,   9,    0,  400
 122  , 9/12/2021, 5:34: 0 PM,   4,   5,   7,    0,  400
 123  , 9/12/2021, 5:35: 0 PM,   3,   4,   4,    0,  400
 124  , 9/12/2021, 5:36: 0 PM,   4,   4,   6,    0,  400
 125  , 9/12/2021, 5:37: 0 PM,   6,   7,   9,    0,  400
 126  , 9/12/2021, 5:38: 0 PM,   8,  11,  13,    0,  400
 127  , 9/12/2021, 5:39: 0 PM,   7,  10,  12,    0,  400
 128  , 9/12/2021, 5:40: 0 PM,   6,  10,  11,    0,  400
 129  , 9/12/2021, 5:41: 0 PM,   6,   9,   9,    0,  400
 130  , 9/12/2021, 5:42: 0 PM,   6,   9,  10,    0,  400
 131  , 9/12/2021, 5:43: 0 PM,   7,  10,  13,    0,  400
 132  , 9/12/2021, 5:44: 0 PM,   4,   6,   6,    0,  400
 133  , 9/12/2021, 5:45: 0 PM,   5,   7,   7,    0,  400
 134  , 9/12/2021, 5:46: 0 PM,   7,  10,  13,    0,  400
 135  , 9/12/2021, 5:47: 0 PM,   6,   8,  10,    0,  400
 136  , 9/12/2021, 5:48: 0 PM,   4,   5,   5,    0,  400
 137  , 9/12/2021, 5:49: 0 PM,   5,   7,   7,    0,  400
 138  , 9/12/2021, 5:50: 0 PM,   5,   9,  11,    0,  400
 139  , 9/12/2021, 5:51: 0 PM,   6,   7,   7,    0,  400
 140  , 9/12/2021, 5:52: 0 PM,   6,   8,   9,    0,  400
 141  , 9/12/2021, 5:53: 0 PM,   5,   6,   6,    0,  400
 142  , 9/12/2021, 5:54: 0 PM,   6,   8,   8,    0,  400
 143  , 9/12/2021, 5:55: 0 PM,   6,   8,   9,    0,  400
 144  , 9/12/2021, 5:56: 0 PM,   5,   9,  10,    0,  400
 145  , 9/12/2021, 5:57: 0 PM,   4,   6,   6,    0,  400
 146  , 9/12/2021, 5:58: 0 PM,   5,   6,   8,    0,  400
 147  , 9/12/2021, 5:59: 0 PM,   6,   8,   8,    0,  400
 148  , 9/12/2021, 6: 0: 0 PM,   4,   5,   5,    0,  400
 149  , 9/12/2021, 6: 1: 0 PM,   4,   6,   6,    0,  400
 150  , 9/12/2021, 6: 2: 0 PM,   4,   6,   6,    0,  400
 151  , 9/12/2021, 6: 3: 0 PM,   5,   5,   7,    0,  400
 152  , 9/12/2021, 6: 4: 0 PM,   3,   5,   5,    0,  400
 153  , 9/12/2021, 6: 5: 0 PM,   6,   9,  11,    0,  400
 154  , 9/12/2021, 6: 6: 0 PM,   6,   6,   9,    0,  400
 155  , 9/12/2021, 6: 7: 0 PM,   4,   5,   5,    0,  400
 156  , 9/12/2021, 6: 8: 0 PM,   5,   7,   7,    0,  400
 157  , 9/12/2021, 6: 9: 0 PM,   4,   6,   8,    0,  400
 158  , 9/12/2021, 6:10: 0 PM,   5,   5,   6,    0,  400
 159  , 9/12/2021, 6:11: 0 PM,   4,   5,   5,    0,  400
 160  , 9/12/2021, 6:12: 0 PM,   5,   7,   7,    0,  400
 161  , 9/12/2021, 6:13: 0 PM,   5,   7,   7,    0,  400
 162  , 9/12/2021, 6:14: 0 PM,   5,   6,   8,    0,  400
 163  , 9/12/2021, 6:15: 0 PM,   5,   8,   9,    0,  400
 164  , 9/12/2021, 6:16: 0 PM,   4,   5,   5,    0,  400
 165  , 9/12/2021, 6:17: 0 PM,   3,   4,   5,    0,  400
 166  , 9/12/2021, 6:18: 0 PM,   6,   9,   9,    0,  400
 167  , 9/12/2021, 6:19: 0 PM,   5,   6,   6,    0,  400
 168  , 9/12/2021, 6:20: 0 PM,   3,   5,   5,    0,  400
 169  , 9/12/2021, 6:21: 0 PM,   5,   7,   7,    0,  400
 170  , 9/12/2021, 6:22: 0 PM,   4,   5,   5,    0,  400
 171  , 9/12/2021, 6:23: 0 PM,   4,   5,   5,    0,  400
 172  , 9/12/2021, 6:24: 0 PM,   5,   7,   9,    0,  400
 173  , 9/12/2021, 6:25: 0 PM,   3,   5,   5,    0,  400
 174  , 9/12/2021, 6:26: 0 PM,   5,   7,   7,    0,  400
 175  , 9/12/2021, 6:27: 0 PM,   4,   5,   5,    0,  400
 176  , 9/12/2021, 6:28: 0 PM,   5,   7,   8,    0,  400
 177  , 9/12/2021, 6:29: 0 PM,   6,   6,   8,    0,  400
 178  , 9/12/2021, 6:30: 0 PM,   4,   6,   7,    0,  400
 179  , 9/12/2021, 6:31: 0 PM,   5,   7,   8,    0,  400
 180  , 9/12/2021, 6:32: 0 PM,   4,   5,   6,    0,  400
 181  , 9/12/2021, 6:33: 0 PM,   4,   6,   8,    0,  400
 182  , 9/12/2021, 6:34: 0 PM,   3,   4,   4,    0,  400
 183  , 9/12/2021, 6:35: 0 PM,   6,   8,   8,    0,  400
 184  , 9/12/2021, 6:36: 0 PM,   5,   6,   6,    0,  400
 185  , 9/12/2021, 6:37: 0 PM,   3,   4,   8,    0,  400
 186  , 9/12/2021, 6:38: 0 PM,   4,   5,   7,    0,  400
 187  , 9/12/2021, 6:39: 0 PM,   3,   5,   6,    0,  400
 188  , 9/12/2021, 6:40: 0 PM,   4,   5,   8,    0,  400
 189  , 9/12/2021, 6:41: 0 PM,   4,   5,   5,    0,  400
 190  , 9/12/2021, 6:42: 0 PM,   4,   4,   7,    0,  400
 191  , 9/12/2021, 6:43: 0 PM,   4,   5,   5,    0,  400
 192  , 9/12/2021, 6:44: 0 PM,   3,   5,   5,    0,  400
 193  , 9/12/2021, 6:45: 0 PM,   4,   5,   5,    0,  400
 194  , 9/12/2021, 6:46: 0 PM,   4,   5,   5,    0,  400
 195  , 9/12/2021, 6:47: 0 PM,   6,   7,   7,    0,  400
 196  , 9/12/2021, 6:48: 0 PM,   3,   4,   4,    0,  400
 197  , 9/12/2021, 6:49: 0 PM,   3,   4,   4,    0,  400
 198  , 9/12/2021, 6:50: 0 PM,   3,   3,   3,    0,  400
 199  , 9/12/2021, 6:51: 0 PM,   3,   5,   5,    0,  400
 200  , 9/12/2021, 6:52: 0 PM,   3,   5,   5,    0,  400
 201  , 9/12/2021, 6:53: 0 PM,   4,   5,   7,    0,  400
 202  , 9/12/2021, 6:54: 0 PM,   5,   8,   9,    0,  400
 203  , 9/12/2021, 6:55: 0 PM,   3,   4,   4,    0,  400
 204  , 9/12/2021, 6:56: 0 PM,   2,   3,   5,    0,  400
 205  , 9/12/2021, 6:57: 0 PM,   5,   7,   7,    0,  400
 206  , 9/12/2021, 6:58: 0 PM,   3,   5,   5,    0,  400
 207  , 9/12/2021, 6:59: 0 PM,   3,   5,   5,    0,  400
 208  , 9/12/2021, 7: 0: 0 PM,   3,   4,   4,    0,  400
 209  , 9/12/2021, 7: 1: 0 PM,   3,   4,   8,    0,  400
 210  , 9/12/2021, 7: 2: 0 PM,   3,   4,   5,    0,  400
 211  , 9/12/2021, 7: 3: 0 PM,   2,   3,   3,    0,  400
 212  , 9/12/2021, 7: 4: 0 PM,   2,   3,   4,    0,  400
 213  , 9/12/2021, 7: 5: 0 PM,   3,   6,   6,    0,  400
 214  , 9/12/2021, 7: 6: 0 PM,   3,   3,   4,    0,  400
 215  , 9/12/2021, 7: 7: 0 PM,   2,   3,   7,    0,  400
 216  , 9/12/2021, 7: 8: 0 PM,   3,   5,   5,    0,  400
 217  , 9/12/2021, 7: 9: 0 PM,   4,   4,   4,    0,  400
 218  , 9/12/2021, 7:10: 0 PM,   3,   3,   4,    0,  400
 219  , 9/12/2021, 7:11: 0 PM,   2,   3,   3,    0,  400
 220  , 9/12/2021, 7:12: 0 PM,   3,   5,   6,    0,  400
 221  , 9/12/2021, 7:13: 0 PM,   3,   5,   9,    0,  400
 222  , 9/12/2021, 7:14: 0 PM,   3,   4,   5,    0,  400
 223  , 9/12/2021, 7:15: 0 PM,   3,   4,   4,    0,  400
 224  , 9/12/2021, 7:16: 0 PM,   3,   3,   9,    3,  400
 225  , 9/12/2021, 7:17: 0 PM,   3,   4,   4,    1,  400
 226  , 9/12/2021, 7:18: 0 PM,   4,   5,   5,   12,  400
 227  , 9/12/2021, 7:19: 0 PM,   3,   4,   7,   16,  400
 228  , 9/12/2021, 7:20: 0 PM,   3,   3,   3,   17,  400
 229  , 9/12/2021, 7:21: 0 PM,   3,   5,   7,   14,  400
 230  , 9/12/2021, 7:22: 0 PM,   3,   4,   4,   20,  400
 231  , 9/12/2021, 7:23: 0 PM,   3,   5,   5,   26,  400
 232  , 9/12/2021, 7:24: 0 PM,   3,   4,   5,   36,  400
 233  , 9/12/2021, 7:25: 0 PM,   4,   7,  11,   35,  400
 234  , 9/12/2021, 7:26: 0 PM,   3,   5,   5,   38,  400
 235  , 9/12/2021, 7:27: 0 PM,   3,   4,   4,   32,  400
 236  , 9/12/2021, 7:28: 0 PM,   2,   3,   5,   25,  400
 237  , 9/12/2021, 7:29: 0 PM,   1,   2,   2,   43,  400
 238  , 9/12/2021, 7:30: 0 PM,   3,   3,   4,   35,  400
 239  , 9/12/2021, 7:31: 0 PM,   3,   4,   4,   44,  400
 240  , 9/12/2021, 7:32: 0 PM,   1,   1,   1,   39,  400
 241  , 9/12/2021, 7:33: 0 PM,   2,   3,   3,   47,  400
 242  , 9/12/2021, 7:34: 0 PM,   4,   4,   4,   39,  400
 243  , 9/12/2021, 7:35: 0 PM,   2,   3,   3,   49,  400
 244  , 9/12/2021, 7:36: 0 PM,   2,   3,   3,   39,  400
 245  , 9/12/2021, 7:37: 0 PM,   2,   2,   2,   53,  400
 246  , 9/12/2021, 7:38: 0 PM,   3,   4,   4,   46,  400
 247  , 9/12/2021, 7:39: 0 PM,   2,   2,   4,   38,  400
 248  , 9/12/2021, 7:40: 0 PM,   2,   3,   3,   55,  400
 249  , 9/12/2021, 7:41: 0 PM,   2,   2,   2,   45,  400
 250  , 9/12/2021, 7:42: 0 PM,   1,   1,   1,   60,  400
 251  , 9/12/2021, 7:43: 0 PM,   1,   1,   1,   57,  400
 252  , 9/12/2021, 7:44: 0 PM,   2,   2,   2,   53,  400
 253  , 9/12/2021, 7:45: 0 PM,   2,   2,   2,   62,  400
 254  , 9/12/2021, 7:46: 0 PM,   0,   0,   0,   66,  400
 255  , 9/12/2021, 7:47: 0 PM,   1,   1,   1,   64,  400
 256  , 9/12/2021, 7:48: 0 PM,   1,   1,   1,   63,  400
 257  , 9/12/2021, 7:49: 0 PM,   1,   1,   1,   81,  400
 258  , 9/12/2021, 7:50: 0 PM,   1,   1,   1,   98,  400
 259  , 9/12/2021, 7:51: 0 PM,   1,   2,   2,  119,  400
 260  , 9/12/2021, 7:52: 0 PM,   0,   0,   2,  128,  400
 261  , 9/12/2021, 7:53: 0 PM,   0,   0,   0,  127,  400
 262  , 9/12/2021, 7:54: 0 PM,   1,   1,   1,  136,  400
 263  , 9/12/2021, 7:55: 0 PM,   1,   1,   1,  137,  400
 264  , 9/12/2021, 7:56: 0 PM,   1,   1,   1,  149,  400
 265  , 9/12/2021, 7:57: 0 PM,   0,   0,   1,  142,  400
 266  , 9/12/2021, 7:58: 0 PM,   0,   1,   1,  142,  400
 267  , 9/12/2021, 7:59: 0 PM,   0,   0,   0,  142,  400
 268  , 9/12/2021, 8: 0: 0 PM,   0,   1,   1,  135,  400
 269  , 9/12/2021, 8: 1: 0 PM,   0,   0,   0,  132,  400
 270  , 9/12/2021, 8: 2: 0 PM,   1,   1,   1,  134,  400
 271  , 9/12/2021, 8: 3: 0 PM,   0,   0,   0,  137,  400
 272  , 9/12/2021, 8: 4: 0 PM,   1,   2,   3,  128,  400
 273  , 9/12/2021, 8: 5: 0 PM,   0,   0,   0,  124,  400
 274  , 9/12/2021, 8: 6: 0 PM,   1,   2,   2,  227,  601
 275  , 9/12/2021, 8: 7: 0 PM,   0,   0,   1,  254,  599
 276  , 9/12/2021, 8: 8: 0 PM,   0,   1,   1,  327,  782
 277  , 9/12/2021, 8: 9: 0 PM,   0,   0,   0,  359,  812
 278  , 9/12/2021, 8:10: 0 PM,   1,   1,   1,  364,  822
 279  , 9/12/2021, 8:11: 0 PM,   0,   0,   0,  361,  823
 280  , 9/12/2021, 8:12: 0 PM,   1,   1,   2,  358,  819
 281  , 9/12/2021, 8:13: 0 PM,   1,   1,   1,  370,  795
 282  , 9/12/2021, 8:14: 0 PM,   0,   1,   1,  365,  806
 283  , 9/12/2021, 8:15: 0 PM,   1,   1,   2,  359,  803
 284  , 9/12/2021, 8:16: 0 PM,   1,   1,   2,  346,  799
 285  , 9/12/2021, 8:17: 0 PM,   1,   1,   2,  325,  777
 286  , 9/12/2021, 8:18: 0 PM,   0,   1,   1,  354,  777
 287  , 9/12/2021, 8:19: 0 PM,   1,   1,   1,  337,  748
 288  , 9/12/2021, 8:20: 0 PM,   0,   0,   0,  302,  712
 289  , 9/12/2021, 8:21: 0 PM,   0,   1,   1,  319,  729
 290  , 9/12/2021, 8:22: 0 PM,   0,   0,   0,  316,  714
 291  , 9/12/2021, 8:23: 0 PM,   0,   1,   1,  307,  712
 292  , 9/12/2021, 8:24: 0 PM,   0,   0,   0,  321,  724
 293  , 9/12/2021, 8:25: 0 PM,   1,   1,   2,  299,  662
 294  , 9/12/2021, 8:26: 0 PM,   1,   1,   1,  281,  652
 295  , 9/12/2021, 8:27: 0 PM,   0,   0,   2,  271,  631
 296  , 9/12/2021, 8:28: 0 PM,   1,   1,   1,  259,  605
 297  , 9/12/2021, 8:29: 0 PM,   0,   1,   1,  247,  589
 298  , 9/12/2021, 8:30: 0 PM,   1,   1,   1,  247,  586
 299  , 9/12/2021, 8:31: 0 PM,   0,   0,   0,  255,  584
 300  , 9/12/2021, 8:32: 0 PM,   0,   0,   0,  232,  558
 301  , 9/12/2021, 8:33: 0 PM,   1,   1,   2,  240,  570
 302  , 9/12/2021, 8:34: 0 PM,   0,   0,   2,  234,  561
 303  , 9/12/2021, 8:35: 0 PM,   1,   1,   1,  226,  524
 304  , 9/12/2021, 8:36: 0 PM,   0,   1,   1,  232,  539
 305  , 9/12/2021, 8:37: 0 PM,   0,   0,   0,  214,  507
 306  , 9/12/2021, 8:38: 0 PM,   1,   1,   3,  207,  475
 307  , 9/12/2021, 8:39: 0 PM,   1,   1,   1,  214,  489
 308  , 9/12/2021, 8:40: 0 PM,   1,   1,   1,  197,  451
 309  , 9/12/2021, 8:41: 0 PM,   0,   0,   0,  197,  455
 310  , 9/12/2021, 8:42: 0 PM,   1,   1,   1,  192,  458
 311  , 9/12/2021, 8:43: 0 PM,   1,   1,   1,  194,  433
 312  , 9/12/2021, 8:44: 0 PM,   0,   1,   1,  186,  414
 313  , 9/12/2021, 8:45: 0 PM,   0,   1,   1,  181,  400
 314  , 9/12/2021, 8:46: 0 PM,   0,   0,   0,  177,  400
 315  , 9/12/2021, 8:47: 0 PM,   1,   1,   1,  165,  400
 316  , 9/12/2021, 8:48: 0 PM,   0,   0,   0,  163,  400
 317  , 9/12/2021, 8:49: 0 PM,   0,   0,   1,  167,  400
 318  , 9/12/2021, 8:50: 0 PM,   1,   1,   1,  148,  400
 319  , 9/12/2021, 8:51: 0 PM,   1,   2,   2,  157,  400
 320  , 9/12/2021, 8:52: 0 PM,   0,   0,   0,  144,  400
 321  , 9/12/2021, 8:53: 0 PM,   0,   0,   0,  144,  400
 322  , 9/12/2021, 8:54: 0 PM,   0,   0,   0,  131,  400
 323  , 9/12/2021, 8:55: 0 PM,   0,   0,   0,  130,  400
 324  , 9/12/2021, 8:56: 0 PM,   0,   0,   0,  116,  400
 325  , 9/12/2021, 8:57: 0 PM,   1,   1,   2,  133,  400
 326  , 9/12/2021, 8:58: 0 PM,   0,   0,   2,  222,  582
 327  , 9/12/2021, 8:59: 0 PM,   1,   1,   1,  190,  469
 328  , 9/12/2021, 9: 0: 0 PM,   1,   1,   2,  215,  584
 329  , 9/12/2021, 9: 1: 0 PM,   1,   3,   4,  212,  514
 330  , 9/12/2021, 9: 2: 0 PM,   2,   2,   6,  197,  506
 331  , 9/12/2021, 9: 3: 0 PM,   3,   4,   5,  178,  451
 332  , 9/12/2021, 9: 4: 0 PM,   4,   5,   5,  152,  400
 333  , 9/12/2021, 9: 5: 0 PM,   3,   5,   5,  139,  400
 334  , 9/12/2021, 9: 6: 0 PM,   3,   4,   6,  121,  400
 335  , 9/12/2021, 9: 7: 0 PM,   6,   8,   8,  106,  400
 336  , 9/12/2021, 9: 8: 0 PM,   5,   7,  10,   89,  400
 337  , 9/12/2021, 9: 9: 0 PM,   7,  10,  10,   85,  400
 338  , 9/12/2021, 9:10: 0 PM,   6,  10,  12,   64,  400
 339  , 9/12/2021, 9:11: 0 PM,   8,   9,  12,   50,  400
 340  , 9/12/2021, 9:12: 0 PM,   8,  10,  10,   26,  400
 341  , 9/12/2021, 9:13: 0 PM,   8,   9,  11,   16,  400
 342  , 9/12/2021, 9:14: 0 PM,   8,  14,  18,    0,  400
 343  , 9/12/2021, 9:15: 0 PM,   8,  10,  17,    0,  400
 344  , 9/12/2021, 9:16: 0 PM,   9,  10,  12,    0,  400
 345  , 9/12/2021, 9:17: 0 PM,   9,  14,  17,    0,  400
 346  , 9/12/2021, 9:18: 0 PM,   8,  15,  15,    0,  400
 347  , 9/12/2021, 9:19: 0 PM,   8,  12,  15,    0,  400
 348  , 9/12/2021, 9:20: 0 PM,  10,  12,  15,    0,  400
 349  , 9/12/2021, 9:21: 0 PM,   7,  10,  13,    0,  400
 350  , 9/12/2021, 9:22: 0 PM,   7,  12,  13,    0,  400
 351  , 9/12/2021, 9:23: 0 PM,   9,  11,  11,    0,  400
 352  , 9/12/2021, 9:24: 0 PM,   8,  11,  15,    0,  400
 353  , 9/12/2021, 9:25: 0 PM,   9,  13,  13,    0,  400
 354  , 9/12/2021, 9:26: 0 PM,  10,  14,  15,    0,  400
 355  , 9/12/2021, 9:27: 0 PM,   9,  12,  16,    0,  400
 356  , 9/12/2021, 9:28: 0 PM,  11,  15,  16,    0,  400
 357  , 9/12/2021, 9:29: 0 PM,   8,  10,  15,    0,  400
 358  , 9/12/2021, 9:30: 0 PM,  13,  21,  22,    0,  400
 359  , 9/12/2021, 9:31: 0 PM,  10,  16,  16,    0,  400
 360  , 9/12/2021, 9:32: 0 PM,  10,  17,  18,    0,  400
 361  , 9/12/2021, 9:33: 0 PM,   8,  12,  13,    0,  400
 362  , 9/12/2021, 9:34: 0 PM,   9,  13,  17,    0,  400
 363  , 9/12/2021, 9:35: 0 PM,  12,  17,  20,    0,  400
 364  , 9/12/2021, 9:36: 0 PM,   9,  16,  20,    0,  400
 365  , 9/12/2021, 9:37: 0 PM,  12,  18,  19,    0,  400
 366  , 9/12/2021, 9:38: 0 PM,  12,  16,  23,    0,  400
 367  , 9/12/2021, 9:39: 0 PM,  10,  17,  18,    0,  400
 368  , 9/12/2021, 9:40: 0 PM,  10,  17,  21,    0,  400
 369  , 9/12/2021, 9:41: 0 PM,   8,  11,  14,    0,  400
 370  , 9/12/2021, 9:42: 0 PM,   9,  17,  17,    0,  400
 371  , 9/12/2021, 9:43: 0 PM,   9,  15,  15,    0,  400
 372  , 9/12/2021, 9:44: 0 PM,  12,  16,  18,    0,  400
 373  , 9/12/2021, 9:45: 0 PM,  10,  18,  20,    0,  400
 374  , 9/12/2021, 9:46: 0 PM,  10,  15,  15,    0,  400
 375  , 9/12/2021, 9:47: 0 PM,  10,  13,  13,    0,  400
 376  , 9/12/2021, 9:48: 0 PM,   8,  12,  12,    0,  400
 377  , 9/12/2021, 9:49: 0 PM,  11,  14,  14,    0,  400
 378  , 9/12/2021, 9:50: 0 PM,  10,  14,  18,    0,  400
 379  , 9/12/2021, 9:51: 0 PM,  10,  18,  20,    0,  400
 380  , 9/12/2021, 9:52: 0 PM,   8,  14,  16,   69,  400
 381  , 9/12/2021, 9:53: 0 PM,  13,  15,  16,   52,  400
 382  , 9/12/2021, 9:54: 0 PM,   8,  12,  17,   39,  400
 383  , 9/12/2021, 9:55: 0 PM,   9,  13,  13,   41,  400
 384  , 9/12/2021, 9:56: 0 PM,  11,  15,  15,   30,  400
 385  , 9/12/2021, 9:57: 0 PM,   8,  12,  17,   28,  400
 386  , 9/12/2021, 9:58: 0 PM,  10,  12,  12,    1,  400
 387  , 9/12/2021, 9:59: 0 PM,  10,  15,  18,    0,  400
 388  , 9/12/2021,10: 0: 0 PM,  10,  16,  21,    0,  400
 389  , 9/12/2021,10: 1: 0 PM,  13,  18,  20,    0,  400
 390  , 9/12/2021,10: 2: 0 PM,  12,  17,  20,    0,  400
 391  , 9/12/2021,10: 3: 0 PM,   9,  14,  16,    0,  400
 392  , 9/12/2021,10: 4: 0 PM,  12,  21,  24,    0,  400
 393  , 9/12/2021,10: 5: 0 PM,  12,  19,  24,    0,  400
 394  , 9/12/2021,10: 6: 0 PM,  14,  20,  28,    0,  400
 395  , 9/12/2021,10: 7: 0 PM,  14,  24,  30,    0,  400
 396  , 9/12/2021,10: 8: 0 PM,  11,  15,  21,    0,  400
 397  , 9/12/2021,10: 9: 0 PM,  14,  22,  24,    0,  400
 398  , 9/12/2021,10:10: 0 PM,  12,  18,  23,    0,  400
 399  , 9/12/2021,10:11: 0 PM,  17,  27,  32,    0,  400
 400  , 9/12/2021,10:12: 0 PM,  14,  21,  25,    0,  400
 401  , 9/12/2021,10:13: 0 PM,  14,  26,  29,    0,  400
 402  , 9/12/2021,10:14: 0 PM,  13,  22,  24,    0,  400
 403  , 9/12/2021,10:15: 0 PM,  13,  20,  24,    0,  400
 404  , 9/12/2021,10:16: 0 PM,  13,  20,  20,    0,  400
 405  , 9/12/2021,10:17: 0 PM,  11,  16,  21,    0,  400
 406  , 9/12/2021,10:18: 0 PM,  15,  26,  29,    0,  400
 407  , 9/12/2021,10:19: 0 PM,  11,  14,  14,    0,  400
 408  , 9/12/2021,10:20: 0 PM,  10,  13,  17,    0,  400
 409  , 9/12/2021,10:21: 0 PM,   9,  14,  15,    0,  400
 410  , 9/12/2021,10:22: 0 PM,  14,  19,  21,    0,  400
 411  , 9/12/2021,10:23: 0 PM,  11,  14,  20,    0,  400
 412  , 9/12/2021,10:24: 0 PM,  10,  13,  13,    0,  400
 413  , 9/12/2021,10:25: 0 PM,  14,  17,  23,    0,  400
 414  , 9/12/2021,10:26: 0 PM,   8,  16,  18,    0,  400
 415  , 9/12/2021,10:27: 0 PM,  12,  18,  20,    0,  400
 416  , 9/12/2021,10:28: 0 PM,  10,  14,  14,    0,  400
 417  , 9/12/2021,10:29: 0 PM,   9,  14,  17,    0,  400
 418  , 9/12/2021,10:30: 0 PM,   9,  17,  19,    0,  400
 419  , 9/12/2021,10:31: 0 PM,   9,  15,  15,    0,  400
 420  , 9/12/2021,10:32: 0 PM,   8,  12,  16,    0,  400
 421  , 9/12/2021,10:33: 0 PM,  10,  14,  16,    0,  400
 422  , 9/12/2021,10:34: 0 PM,  11,  14,  16,    0,  400
 423  , 9/12/2021,10:35: 0 PM,  11,  16,  20,    0,  400
 424  , 9/12/2021,10:36: 0 PM,   9,  16,  19,    0,  400
 425  , 9/12/2021,10:37: 0 PM,  10,  13,  14,    0,  400
 426  , 9/12/2021,10:38: 0 PM,   9,  12,  14,    0,  400
 427  , 9/12/2021,10:39: 0 PM,  10,  14,  15,    0,  400
 428  , 9/12/2021,10:40: 0 PM,   8,  12,  13,    0,  400
 429  , 9/12/2021,10:41: 0 PM,  10,  19,  20,    0,  400
 430  , 9/12/2021,10:42: 0 PM,  10,  12,  16,    0,  400
 431  , 9/12/2021,10:43: 0 PM,   9,  13,  14,    0,  400
 432  , 9/12/2021,10:44: 0 PM,  10,  14,  15,    0,  400
 433  , 9/12/2021,10:45: 0 PM,  10,  14,  15,    0,  400
 434  , 9/12/2021,10:46: 0 PM,   8,  10,  10,    0,  400
 435  , 9/12/2021,10:47: 0 PM,  10,  15,  19,    0,  400
 436  , 9/12/2021,10:48: 0 PM,  11,  15,  16,    0,  400
 437  , 9/12/2021,10:49: 0 PM,   9,  17,  17,  150,  406
 438  , 9/12/2021,10:50: 0 PM,  11,  15,  16,   53,  400
 439  , 9/12/2021,10:51: 0 PM,  14,  19,  23,   93,  400
 440  , 9/12/2021,10:52: 0 PM,   9,  15,  21,   69,  400
 441  , 9/12/2021,10:53: 0 PM,   8,  12,  15,   51,  400
 442  , 9/12/2021,10:54: 0 PM,  10,  13,  18,   33,  400
 443  , 9/12/2021,10:55: 0 PM,  10,  17,  19,   28,  400
 444  , 9/12/2021,10:56: 0 PM,   8,  10,  12,    8,  400
 445  , 9/12/2021,10:57: 0 PM,   9,  18,  19,    2,  400
 446  , 9/12/2021,10:58: 0 PM,   8,  14,  16,    4,  400
 447  , 9/12/2021,10:59: 0 PM,  10,  14,  15,    9,  400
 448  , 9/12/2021,11: 0: 0 PM,  12,  16,  17,    0,  400
 449  , 9/12/2021,11: 1: 0 PM,   9,  12,  14,    0,  400
 450  , 9/12/2021,11: 2: 0 PM,  10,  16,  17,    0,  400
 451  , 9/12/2021,11: 3: 0 PM,  11,  14,  17,    0,  400
 452  , 9/12/2021,11: 4: 0 PM,   9,  14,  19,    0,  400
 453  , 9/12/2021,11: 5: 0 PM,   8,  16,  18,    0,  400
 454  , 9/12/2021,11: 6: 0 PM,   9,  12,  14,    0,  400
 455  , 9/12/2021,11: 7: 0 PM,  10,  13,  14,    0,  400
 456  , 9/12/2021,11: 8: 0 PM,  11,  17,  18,    0,  400
 457  , 9/12/2021,11: 9: 0 PM,  10,  13,  14,    0,  400
 458  , 9/12/2021,11:10: 0 PM,   7,  13,  15,    0,  400
 459  , 9/12/2021,11:11: 0 PM,  11,  13,  13,    0,  400
 460  , 9/12/2021,11:12: 0 PM,  10,  17,  20,    0,  400
 461  , 9/12/2021,11:13: 0 PM,  10,  14,  17,    0,  400
 462  , 9/12/2021,11:14: 0 PM,  11,  16,  22,    0,  400
 463  , 9/12/2021,11:15: 0 PM,  10,  14,  16,    0,  400
 464  , 9/12/2021,11:16: 0 PM,  10,  14,  15,    0,  400
 465  , 9/12/2021,11:17: 0 PM,   8,  11,  12,    0,  400
 466  , 9/12/2021,11:18: 0 PM,  12,  20,  21,    0,  400
 467  , 9/12/2021,11:19: 0 PM,   9,  13,  13,    0,  400
 468  , 9/12/2021,11:20: 0 PM,  10,  13,  16,    0,  400
 469  , 9/12/2021,11:21: 0 PM,   8,  11,  14,    0,  400
 470  , 9/12/2021,11:22: 0 PM,  12,  17,  22,    0,  400
 471  , 9/12/2021,11:23: 0 PM,   9,  16,  18,    0,  400
 472  , 9/12/2021,11:24: 0 PM,   9,  14,  18,    0,  400
 473  , 9/12/2021,11:25: 0 PM,   9,  14,  19,    0,  400
 474  , 9/12/2021,11:26: 0 PM,   9,  16,  20,    0,  400
 475  , 9/12/2021,11:27: 0 PM,  12,  18,  22,    0,  400
 476  , 9/12/2021,11:28: 0 PM,  10,  18,  24,    0,  400
 477  , 9/12/2021,11:29: 0 PM,   7,  10,  14,    0,  400
 478  , 9/12/2021,11:30: 0 PM,  11,  15,  16,    0,  400
 479  , 9/12/2021,11:31: 0 PM,  10,  15,  17,    0,  400
 480  , 9/12/2021,11:32: 0 PM,   9,  12,  16,    0,  400
 481  , 9/12/2021,11:33: 0 PM,  10,  13,  13,    0,  400
 482  , 9/12/2021,11:34: 0 PM,  11,  13,  14,    0,  400
 483  , 9/12/2021,11:35: 0 PM,  12,  14,  14,    0,  400
 484  , 9/12/2021,11:36: 0 PM,  12,  18,  18,    0,  400
 485  , 9/12/2021,11:37: 0 PM,  11,  15,  16,    0,  400
 486  , 9/12/2021,11:38: 0 PM,   9,  14,  14,    0,  400
 487  , 9/12/2021,11:39: 0 PM,  11,  13,  15,    0,  400
 488  , 9/12/2021,11:40: 0 PM,   9,  14,  20,    0,  400
 489  , 9/12/2021,11:41: 0 PM,  12,  19,  20,    0,  400
 490  , 9/12/2021,11:42: 0 PM,   8,  13,  15,    0,  400
 491  , 9/12/2021,11:43: 0 PM,   8,  11,  14,    0,  400
 492  , 9/12/2021,11:44: 0 PM,  11,  15,  16,    0,  400
 493  , 9/12/2021,11:45: 0 PM,  11,  14,  17,    0,  400
 494  , 9/12/2021,11:46: 0 PM,  10,  18,  19,    0,  400
 495  , 9/12/2021,11:47: 0 PM,   9,  16,  18,    0,  400
 496  , 9/12/2021,11:48: 0 PM,   9,  15,  19,    0,  400
 497  , 9/12/2021,11:49: 0 PM,  10,  14,  19,    0,  400
 498  , 9/12/2021,11:50: 0 PM,  11,  19,  21,    0,  400
 499  , 9/12/2021,11:51: 0 PM,  10,  18,  20,    0,  400
 500  , 9/12/2021,11:52: 0 PM,   9,  12,  13,    0,  400
 501  , 9/12/2021,11:53: 0 PM,  12,  17,  20,    0,  400
 502  , 9/12/2021,11:54: 0 PM,  12,  18,  21,    0,  400
 503  , 9/12/2021,11:55: 0 PM,   9,  12,  15,    0,  400
 504  , 9/12/2021,11:56: 0 PM,  11,  17,  18,    0,  400
 505  , 9/12/2021,11:57: 0 PM,   9,  11,  16,    0,  400
 506  , 9/12/2021,11:58: 0 PM,  12,  19,  22,    0,  400
 507  , 9/12/2021,11:59: 0 PM,   9,  13,  16,    0,  400
 508  , 9/13/2021,12: 0: 0 AM,  10,  12,  18,    0,  400
 509  , 9/13/2021,12: 1: 0 AM,   8,  15,  18,    0,  400
 510  , 9/13/2021,12: 2: 0 AM,   8,  12,  12,    0,  400
 511  , 9/13/2021,12: 3: 0 AM,   9,  12,  13,    0,  400
 512  , 9/13/2021,12: 4: 0 AM,  10,  14,  17,    0,  400
 513  , 9/13/2021,12: 5: 0 AM,  10,  13,  14,    0,  400
 514  , 9/13/2021,12: 6: 0 AM,  10,  14,  16,    0,  400
 515  , 9/13/2021,12: 7: 0 AM,  10,  14,  14,    0,  400
 516  , 9/13/2021,12: 8: 0 AM,   9,  13,  14,    0,  400
 517  , 9/13/2021,12: 9: 0 AM,  10,  14,  16,    0,  400
 518  , 9/13/2021,12:10: 0 AM,   9,  14,  14,    0,  400
 519  , 9/13/2021,12:11: 0 AM,   9,  11,  16,    0,  400
 520  , 9/13/2021,12:12: 0 AM,   9,  13,  13,    0,  400
 521  , 9/13/2021,12:13: 0 AM,   9,  13,  14,    0,  400
 522  , 9/13/2021,12:14: 0 AM,  10,  15,  18,    0,  400
 523  , 9/13/2021,12:15: 0 AM,  10,  15,  18,    0,  400
 524  , 9/13/2021,12:16: 0 AM,   8,  11,  14,    0,  400
 525  , 9/13/2021,12:17: 0 AM,   9,  12,  13,    0,  400
 526  , 9/13/2021,12:18: 0 AM,  10,  17,  20,    0,  400
 527  , 9/13/2021,12:19: 0 AM,  10,  14,  15,    0,  400
 528  , 9/13/2021,12:20: 0 AM,  11,  18,  19,    0,  400
 529  , 9/13/2021,12:21: 0 AM,  11,  15,  18,    0,  400
 530  , 9/13/2021,12:22: 0 AM,  10,  18,  20,    0,  400
 531  , 9/13/2021,12:23: 0 AM,  10,  12,  12,    0,  400
 532  , 9/13/2021,12:24: 0 AM,  11,  15,  17,    0,  400
 533  , 9/13/2021,12:25: 0 AM,   8,  12,  16,    0,  400
 534  , 9/13/2021,12:26: 0 AM,  10,  16,  21,    0,  400
 535  , 9/13/2021,12:27: 0 AM,   8,  16,  17,    0,  400
 536  , 9/13/2021,12:28: 0 AM,  10,  13,  16,    0,  400
 537  , 9/13/2021,12:29: 0 AM,  10,  18,  19,    0,  400
 538  , 9/13/2021,12:30: 0 AM,  10,  19,  19,    0,  400
 539  , 9/13/2021,12:31: 0 AM,   8,  11,  13,    0,  400
 540  , 9/13/2021,12:32: 0 AM,   7,  11,  13,    0,  400
 541  , 9/13/2021,12:33: 0 AM,   8,  15,  15,    0,  400
 542  , 9/13/2021,12:34: 0 AM,   5,  11,  12,    0,  400
 543  , 9/13/2021,12:35: 0 AM,  10,  18,  20,    0,  400
 544  , 9/13/2021,12:36: 0 AM,   8,  11,  14,    0,  400
 545  , 9/13/2021,12:37: 0 AM,   7,  13,  13,    0,  400
 546  , 9/13/2021,12:38: 0 AM,   7,  12,  14,    0,  400
 547  , 9/13/2021,12:39: 0 AM,   9,  11,  12,    0,  400
 548  , 9/13/2021,12:40: 0 AM,   7,   9,  10,  335, 1225
 549  , 9/13/2021,12:41: 0 AM,   5,   7,   8,  363, 1026
 550  , 9/13/2021,12:42: 0 AM,   5,   9,   9,  268,  700
 551  , 9/13/2021,12:43: 0 AM,   6,   9,   9,  219,  579
 552  , 9/13/2021,12:44: 0 AM,   5,   8,  11,  212,  596
 553  , 9/13/2021,12:45: 0 AM,   8,  10,  10,  201,  517
 554  , 9/13/2021,12:46: 0 AM,   6,  12,  15,  190,  503
 555  , 9/13/2021,12:47: 0 AM,   6,   8,  10,  198,  529
 556  , 9/13/2021,12:48: 0 AM,   5,   8,   9,  184,  482
 557  , 9/13/2021,12:49: 0 AM,   5,   9,  11,  165,  416
 558  , 9/13/2021,12:50: 0 AM,   6,   9,   9,  152,  400
 559  , 9/13/2021,12:51: 0 AM,   6,   9,  13,  128,  400
 560  , 9/13/2021,12:52: 0 AM,   6,   7,  10,  136,  400
 561  , 9/13/2021,12:53: 0 AM,   6,   9,  11,  112,  400
 562  , 9/13/2021,12:54: 0 AM,   8,   9,   9,  111,  400
 563  , 9/13/2021,12:55: 0 AM,   6,   8,  12,   96,  400
 564  , 9/13/2021,12:56: 0 AM,   6,   9,   9,   86,  400
 565  , 9/13/2021,12:57: 0 AM,   4,   6,   7,   84,  400
 566  , 9/13/2021,12:58: 0 AM,   8,  14,  14,   78,  400
 567  , 9/13/2021,12:59: 0 AM,   6,   8,   9,   64,  400
 568  , 9/13/2021, 1: 0: 0 AM,   5,   8,   8,   60,  400
 569  , 9/13/2021, 1: 1: 0 AM,   6,  11,  12,   49,  400
 570  , 9/13/2021, 1: 2: 0 AM,   7,  10,  10,   23,  400
 571  , 9/13/2021, 1: 3: 0 AM,   5,   9,  10,   30,  400
 572  , 9/13/2021, 1: 4: 0 AM,   6,   8,   8,   25,  400
 573  , 9/13/2021, 1: 5: 0 AM,   6,   9,  11,   15,  400
 574  , 9/13/2021, 1: 6: 0 AM,   6,   9,   9,    0,  400
 575  , 9/13/2021, 1: 7: 0 AM,   6,   8,   9,    0,  400
 576  , 9/13/2021, 1: 8: 0 AM,   8,  11,  12,    0,  400
 577  , 9/13/2021, 1: 9: 0 AM,   5,   9,   9,    0,  400
 578  , 9/13/2021, 1:10: 0 AM,   8,   9,   9,    0,  400
 579  , 9/13/2021, 1:11: 0 AM,   6,   6,   8,    0,  400
 580  , 9/13/2021, 1:12: 0 AM,   5,   9,   9,    0,  400
 581  , 9/13/2021, 1:13: 0 AM,   5,   7,  14,    0,  400
 582  , 9/13/2021, 1:14: 0 AM,   8,  12,  14,    0,  400
 583  , 9/13/2021, 1:15: 0 AM,   6,   8,   9,    0,  400
 584  , 9/13/2021, 1:16: 0 AM,   6,   8,   8,    0,  400
 585  , 9/13/2021, 1:17: 0 AM,   6,   9,  10,    0,  400
 586  , 9/13/2021, 1:18: 0 AM,   8,  10,  11,    0,  400
 587  , 9/13/2021, 1:19: 0 AM,   8,  12,  12,    0,  400
 588  , 9/13/2021, 1:20: 0 AM,   5,   8,   8,    0,  400
 589  , 9/13/2021, 1:21: 0 AM,   6,   8,  10,    0,  400
 590  , 9/13/2021, 1:22: 0 AM,   6,  10,  11,    0,  400
 591  , 9/13/2021, 1:23: 0 AM,   5,   6,   6,   37,  400
 592  , 9/13/2021, 1:24: 0 AM,   6,   8,  10,  104,  400
 593  , 9/13/2021, 1:25: 0 AM,   5,   7,   7,  126,  400
 594  , 9/13/2021, 1:26: 0 AM,   6,   9,  10,  149,  413
 595  , 9/13/2021, 1:27: 0 AM,   5,   7,   8,  160,  441
 596  , 9/13/2021, 1:28: 0 AM,   7,   9,  13,  162,  435
 597  , 9/13/2021, 1:29: 0 AM,   5,   6,   8,  154,  400
 598  , 9/13/2021, 1:30: 0 AM,   5,   7,   8,  150,  400
 599  , 9/13/2021, 1:31: 0 AM,   5,   7,   7,  139,  400
 600  , 9/13/2021, 1:32: 0 AM,   4,   6,   6,  136,  400
 601  , 9/13/2021, 1:33: 0 AM,   3,   5,   7,  139,  400
 602  , 9/13/2021, 1:34: 0 AM,   4,   6,   6,  132,  400
 603  , 9/13/2021, 1:35: 0 AM,   5,   6,   6,  129,  400
 604  , 9/13/2021, 1:36: 0 AM,   4,   6,  10,  115,  400
 605  , 9/13/2021, 1:37: 0 AM,   6,   7,   7,  104,  400
 606  , 9/13/2021, 1:38: 0 AM,   5,   6,   6,   91,  400
 607  , 9/13/2021, 1:39: 0 AM,   5,   6,   6,   91,  400
 608  , 9/13/2021, 1:40: 0 AM,   4,   6,   6,   86,  400
 609  , 9/13/2021, 1:41: 0 AM,   4,   7,   9,   73,  400
 610  , 9/13/2021, 1:42: 0 AM,   3,   4,   7,   75,  400
 611  , 9/13/2021, 1:43: 0 AM,   3,   5,   5,   76,  400
 612  , 9/13/2021, 1:44: 0 AM,   3,   4,   5,   66,  400
 613  , 9/13/2021, 1:45: 0 AM,   6,   8,  10,   63,  400
 614  , 9/13/2021, 1:46: 0 AM,   2,   3,   3,   58,  400
 615  , 9/13/2021, 1:47: 0 AM,   3,   4,   7,   57,  400
 616  , 9/13/2021, 1:48: 0 AM,   3,   3,   3,   44,  400
 617  , 9/13/2021, 1:49: 0 AM,   5,   6,   7,   49,  400
 618  , 9/13/2021, 1:50: 0 AM,   4,   5,   5,   43,  400
 619  , 9/13/2021, 1:51: 0 AM,   2,   3,   4,   27,  400
 620  , 9/13/2021, 1:52: 0 AM,   2,   2,   2,   30,  400
 621  , 9/13/2021, 1:53: 0 AM,   3,   5,   8,   18,  400
 622  , 9/13/2021, 1:54: 0 AM,   4,   5,   7,   18,  400
 623  , 9/13/2021, 1:55: 0 AM,   3,   4,   7,   34,  400
 624  , 9/13/2021, 1:56: 0 AM,   4,   5,   7,  890, 3122
 625  , 9/13/2021, 1:57: 0 AM,   3,   3,   5,  666, 1869
 626  , 9/13/2021, 1:58: 0 AM,   3,   6,   6,  524, 1500
 627  , 9/13/2021, 1:59: 0 AM,   5,   6,   6,  423,  908
 628  , 9/13/2021, 2: 0: 0 AM,   5,   6,   8,  353,  783
 629  , 9/13/2021, 2: 1: 0 AM,   6,   6,   8,  251,  630
 630  , 9/13/2021, 2: 2: 0 AM,   4,   6,   6,  252,  647
 631  , 9/13/2021, 2: 3: 0 AM,   5,   8,   9,  231,  561
 632  , 9/13/2021, 2: 4: 0 AM,   4,   6,   8,  236,  620
 633  , 9/13/2021, 2: 5: 0 AM,   5,   7,   7,  213,  526
 634  , 9/13/2021, 2: 6: 0 AM,   2,   4,   7,  203,  500
 635  , 9/13/2021, 2: 7: 0 AM,   4,   4,   5,  201,  494
 636  , 9/13/2021, 2: 8: 0 AM,   4,   6,   8,  173,  408
 637  , 9/13/2021, 2: 9: 0 AM,   4,   5,   5,  162,  400
 638  , 9/13/2021, 2:10: 0 AM,   2,   2,   4,  137,  400
 639  , 9/13/2021, 2:11: 0 AM,   4,   5,   5,  129,  400
 640  , 9/13/2021, 2:12: 0 AM,   3,   3,   6,  125,  400
 641  , 9/13/2021, 2:13: 0 AM,   3,   4,   4,  127,  400
 642  , 9/13/2021, 2:14: 0 AM,   3,   5,   7,  110,  400
 643  , 9/13/2021, 2:15: 0 AM,   3,   5,   5,  109,  400
 644  , 9/13/2021, 2:16: 0 AM,   1,   2,   2,  110,  400
 645  , 9/13/2021, 2:17: 0 AM,   3,   5,   5,   97,  400
 646  , 9/13/2021, 2:18: 0 AM,   1,   3,   4,   89,  400
 647  , 9/13/2021, 2:19: 0 AM,   2,   2,   2,   95,  400
 648  , 9/13/2021, 2:20: 0 AM,   2,   3,   3,   88,  400
 649  , 9/13/2021, 2:21: 0 AM,   1,   2,   2,   84,  400
 650  , 9/13/2021, 2:22: 0 AM,   2,   3,   3,   81,  400
 651  , 9/13/2021, 2:23: 0 AM,   1,   1,   2,   85,  400
 652  , 9/13/2021, 2:24: 0 AM,   2,   3,   3,   71,  400
 653  , 9/13/2021, 2:25: 0 AM,   2,   2,   2,   69,  400
 654  , 9/13/2021, 2:26: 0 AM,   1,   1,   3,   64,  400
 655  , 9/13/2021, 2:27: 0 AM,   1,   1,   3,   67,  400
 656  , 9/13/2021, 2:28: 0 AM,   1,   2,   3,   61,  400
 657  , 9/13/2021, 2:29: 0 AM,   1,   1,   1,   56,  400
 658  , 9/13/2021, 2:30: 0 AM,   1,   1,   1,   58,  400
 659  , 9/13/2021, 2:31: 0 AM,   1,   2,   2,   62,  400
 660  , 9/13/2021, 2:32: 0 AM,   0,   0,   0,   59,  400
 661  , 9/13/2021, 2:33: 0 AM,   1,   1,   2,   60,  400
 662  , 9/13/2021, 2:34: 0 AM,   1,   1,   1,   56,  400
 663  , 9/13/2021, 2:35: 0 AM,   1,   1,   1,   53,  400
 664  , 9/13/2021, 2:36: 0 AM,   1,   1,   1,   48,  400
 665  , 9/13/2021, 2:37: 0 AM,   1,   2,   2,   46,  400
 666  , 9/13/2021, 2:38: 0 AM,   0,   0,   0,   50,  400
 667  , 9/13/2021, 2:39: 0 AM,   1,   1,   1,   43,  400
 668  , 9/13/2021, 2:40: 0 AM,   0,   0,   0,   44,  400
 669  , 9/13/2021, 2:41: 0 AM,   1,   1,   1,   31,  400
 670  , 9/13/2021, 2:42: 0 AM,   1,   2,   3,   34,  400
 671  , 9/13/2021, 2:43: 0 AM,   0,   0,   0,   37,  400
 672  , 9/13/2021, 2:44: 0 AM,   1,   1,   1,   35,  400
 673  , 9/13/2021, 2:45: 0 AM,   0,   0,   3,   25,  400
 674  , 9/13/2021, 2:46: 0 AM,   0,   0,   1,   33,  400
 675  , 9/13/2021, 2:47: 0 AM,   0,   0,   0,   27,  400
 676  , 9/13/2021, 2:48: 0 AM,   0,   0,   0,   22,  400
 677  , 9/13/2021, 2:49: 0 AM,   1,   2,   3,   20,  400
 678  , 9/13/2021, 2:50: 0 AM,   0,   1,   1,   30,  400
 679  , 9/13/2021, 2:51: 0 AM,   1,   2,   4,   33,  400
 680  , 9/13/2021, 2:52: 0 AM,   1,   1,   3,   21,  400
 681  , 9/13/2021, 2:53: 0 AM,   0,   1,   1,   20,  400
 682  , 9/13/2021, 2:54: 0 AM,   0,   1,   1,   19,  400
 683  , 9/13/2021, 2:55: 0 AM,   1,   1,   3,   19,  400
 684  , 9/13/2021, 2:56: 0 AM,   0,   0,   0,    3,  400
 685  , 9/13/2021, 2:57: 0 AM,   1,   1,   2,    9,  400
 686  , 9/13/2021, 2:58: 0 AM,   1,   2,   6,    6,  400
 687  , 9/13/2021, 2:59: 0 AM,   0,   0,   0,    0,  400
 688  , 9/13/2021, 3: 0: 0 AM,   0,   1,   1,    2,  400
 689  , 9/13/2021, 3: 1: 0 AM,   1,   1,   3,    0,  400
 690  , 9/13/2021, 3: 2: 0 AM,   1,   1,   1,    0,  400
 691  , 9/13/2021, 3: 3: 0 AM,   2,   2,   2,    0,  400
 692  , 9/13/2021, 3: 4: 0 AM,   1,   1,   4,    0,  400
 693  , 9/13/2021, 3: 5: 0 AM,   2,   3,   3,    0,  400
 694  , 9/13/2021, 3: 6: 0 AM,   1,   1,   1,    0,  400
 695  , 9/13/2021, 3: 7: 0 AM,   1,   1,   1,    0,  400
 696  , 9/13/2021, 3: 8: 0 AM,   1,   1,   1,    0,  400
 697  , 9/13/2021, 3: 9: 0 AM,   1,   1,   3,    0,  400
 698  , 9/13/2021, 3:10: 0 AM,   1,   1,   1,    0,  400
 699  , 9/13/2021, 3:11: 0 AM,   1,   1,   1,    0,  400
 700  , 9/13/2021, 3:12: 0 AM,   1,   1,   2,    0,  400
 701  , 9/13/2021, 3:13: 0 AM,   1,   1,   1,    0,  400
 702  , 9/13/2021, 3:14: 0 AM,   1,   1,   1,    0,  400
 703  , 9/13/2021, 3:15: 0 AM,   1,   1,   1,    0,  400
 704  , 9/13/2021, 3:16: 0 AM,   1,   1,   1,    0,  400
 705  , 9/13/2021, 3:17: 0 AM,   0,   0,   0,    0,  400
 706  , 9/13/2021, 3:18: 0 AM,   0,   0,   0,    0,  400
 707  , 9/13/2021, 3:19: 0 AM,   0,   1,   1,    0,  400
 708  , 9/13/2021, 3:20: 0 AM,   0,   0,   0,    0,  400
 709  , 9/13/2021, 3:21: 0 AM,   1,   1,   1,    0,  400
 710  , 9/13/2021, 3:22: 0 AM,   0,   0,   0,    0,  400
 711  , 9/13/2021, 3:23: 0 AM,   1,   1,   1,    0,  400
 712  , 9/13/2021, 3:24: 0 AM,   1,   1,   3,    0,  400
 713  , 9/13/2021, 3:25: 0 AM,   0,   0,   2,    0,  400
 714  , 9/13/2021, 3:26: 0 AM,   0,   0,   3,    0,  400
 715  , 9/13/2021, 3:27: 0 AM,   1,   1,   3,    0,  400
 716  , 9/13/2021, 3:28: 0 AM,   1,   1,   1,    0,  400
 717  , 9/13/2021, 3:29: 0 AM,   1,   1,   3,    0,  400
 718  , 9/13/2021, 3:30: 0 AM,   1,   1,   1,    0,  400
 719  , 9/13/2021, 3:31: 0 AM,   0,   1,   1,   13,  400
 720  , 9/13/2021, 3:32: 0 AM,   0,   1,   1,  536, 1237
 721  , 9/13/2021, 3:33: 0 AM,   0,   0,   0,  365,  822
 722  , 9/13/2021, 3:34: 0 AM,   0,   1,   1,  246,  573
 723  , 9/13/2021, 3:35: 0 AM,   1,   1,   1,  230,  531
 724  , 9/13/2021, 3:36: 0 AM,   0,   0,   0,  220,  482
 725  , 9/13/2021, 3:37: 0 AM,   0,   0,   0,  225,  491
 726  , 9/13/2021, 3:38: 0 AM,   1,   1,   1,  204,  457
 727  , 9/13/2021, 3:39: 0 AM,   0,   0,   2,  201,  428
 728  , 9/13/2021, 3:40: 0 AM,   0,   0,   2,  196,  421
 729  , 9/13/2021, 3:41: 0 AM,   1,   1,   1,  185,  400
 730  , 9/13/2021, 3:42: 0 AM,   0,   0,   0,  176,  400
 731  , 9/13/2021, 3:43: 0 AM,   1,   2,   4,  172,  400
 732  , 9/13/2021, 3:44: 0 AM,   0,   0,   1,  165,  400
 733  , 9/13/2021, 3:45: 0 AM,   0,   1,   7,  162,  400
 734  , 9/13/2021, 3:46: 0 AM,   0,   1,   1,  146,  400
 735  , 9/13/2021, 3:47: 0 AM,   1,   1,   1,  142,  400
 736  , 9/13/2021, 3:48: 0 AM,   1,   1,   1,  136,  400
 737  , 9/13/2021, 3:49: 0 AM,   1,   1,   1,  130,  400
 738  , 9/13/2021, 3:50: 0 AM,   0,   0,   2,  123,  400
 739  , 9/13/2021, 3:51: 0 AM,   0,   0,   0,  115,  400
 740  , 9/13/2021, 3:52: 0 AM,   1,   1,   1,  112,  400
 741  , 9/13/2021, 3:53: 0 AM,   1,   2,   2,  105,  400
 742  , 9/13/2021, 3:54: 0 AM,   1,   2,   2,  100,  400
 743  , 9/13/2021, 3:55: 0 AM,   1,   2,   2,   94,  400
 744  , 9/13/2021, 3:56: 0 AM,   1,   1,   1,   87,  400
 745  , 9/13/2021, 3:57: 0 AM,   1,   2,   2,   77,  400
 746  , 9/13/2021, 3:58: 0 AM,   1,   2,   2,   78,  400
 747  , 9/13/2021, 3:59: 0 AM,   2,   3,   3,   72,  400
 748  , 9/13/2021, 4: 0: 0 AM,   0,   1,   1,   63,  400
 749  , 9/13/2021, 4: 1: 0 AM,   2,   2,   2,   67,  400
 750  , 9/13/2021, 4: 2: 0 AM,   1,   2,   2,   66,  400
 751  , 9/13/2021, 4: 3: 0 AM,   1,   2,   2,   64,  400
 752  , 9/13/2021, 4: 4: 0 AM,   1,   1,   2,   57,  400
 753  , 9/13/2021, 4: 5: 0 AM,   1,   2,   2,   51,  400
 754  , 9/13/2021, 4: 6: 0 AM,   3,   3,   4,   55,  400
 755  , 9/13/2021, 4: 7: 0 AM,   1,   1,   1,   48,  400
 756  , 9/13/2021, 4: 8: 0 AM,   2,   2,   5,   52,  400
 757  , 9/13/2021, 4: 9: 0 AM,   0,   0,   0,   38,  400
 758  , 9/13/2021, 4:10: 0 AM,   1,   1,   1,   36,  400
 759  , 9/13/2021, 4:11: 0 AM,   1,   1,   3,   32,  400
 760  , 9/13/2021, 4:12: 0 AM,   0,   2,   4,   38,  400
 761  , 9/13/2021, 4:13: 0 AM,   2,   2,   2,   39,  400
 762  , 9/13/2021, 4:14: 0 AM,   1,   1,   3,   32,  400
 763  , 9/13/2021, 4:15: 0 AM,   2,   2,   3,   30,  400
 764  , 9/13/2021, 4:16: 0 AM,   1,   1,   1,   27,  400
 765  , 9/13/2021, 4:17: 0 AM,   1,   2,   3,   29,  400
 766  , 9/13/2021, 4:18: 0 AM,   1,   1,   1,   25,  400
 767  , 9/13/2021, 4:19: 0 AM,   1,   2,   2,   20,  400
 768  , 9/13/2021, 4:20: 0 AM,   1,   2,   2,   21,  400
 769  , 9/13/2021, 4:21: 0 AM,   1,   1,   1,   18,  400
 770  , 9/13/2021, 4:22: 0 AM,   1,   1,   1,   15,  400
 771  , 9/13/2021, 4:23: 0 AM,   0,   0,   2,   10,  400
 772  , 9/13/2021, 4:24: 0 AM,   1,   2,   4,   10,  400
 773  , 9/13/2021, 4:25: 0 AM,   0,   1,   1,    1,  400
 774  , 9/13/2021, 4:26: 0 AM,   0,   0,   0,    0,  400
 775  , 9/13/2021, 4:27: 0 AM,   1,   1,   1,    0,  400
 776  , 9/13/2021, 4:28: 0 AM,   0,   1,   1,    0,  400
 777  , 9/13/2021, 4:29: 0 AM,   0,   1,   4,    0,  400
 778  , 9/13/2021, 4:30: 0 AM,   1,   2,   2,    0,  400
 779  , 9/13/2021, 4:31: 0 AM,   1,   1,   1,    0,  400
 780  , 9/13/2021, 4:32: 0 AM,   1,   2,   2,    0,  400
 781  , 9/13/2021, 4:33: 0 AM,   1,   1,   2,    0,  400
 782  , 9/13/2021, 4:34: 0 AM,   1,   1,   1,    0,  400
 783  , 9/13/2021, 4:35: 0 AM,   2,   2,   2,    0,  400
 784  , 9/13/2021, 4:36: 0 AM,   1,   1,   2,    0,  400
 785  , 9/13/2021, 4:37: 0 AM,   0,   1,   3,    0,  400
 786  , 9/13/2021, 4:38: 0 AM,   1,   1,   1,    0,  400
 787  , 9/13/2021, 4:39: 0 AM,   1,   3,   3,    0,  400
 788  , 9/13/2021, 4:40: 0 AM,   0,   1,   1,    0,  400
 789  , 9/13/2021, 4:41: 0 AM,   1,   2,   2,    0,  400
 790  , 9/13/2021, 4:42: 0 AM,   0,   1,   1,    0,  400
 791  , 9/13/2021, 4:43: 0 AM,   1,   1,   1,    0,  400
 792  , 9/13/2021, 4:44: 0 AM,   1,   1,   1,    0,  400
 793  , 9/13/2021, 4:45: 0 AM,   1,   2,   3,    0,  400
 794  , 9/13/2021, 4:46: 0 AM,   1,   1,   4,    0,  400
 795  , 9/13/2021, 4:47: 0 AM,   0,   1,   1,    0,  400
 796  , 9/13/2021, 4:48: 0 AM,   0,   1,   1,    0,  400
 797  , 9/13/2021, 4:49: 0 AM,   1,   2,   2,    0,  400
 798  , 9/13/2021, 4:50: 0 AM,   1,   1,   1,    0,  400
 799  , 9/13/2021, 4:51: 0 AM,   0,   0,   0,    0,  400
 800  , 9/13/2021, 4:52: 0 AM,   1,   1,   1,    0,  400
 801  , 9/13/2021, 4:53: 0 AM,   0,   0,   1,    0,  400
 802  , 9/13/2021, 4:54: 0 AM,   1,   1,   1,    0,  400
 803  , 9/13/2021, 4:55: 0 AM,   0,   0,   0,    0,  400
 804  , 9/13/2021, 4:56: 0 AM,   1,   1,   1,    0,  400
 805  , 9/13/2021, 4:57: 0 AM,   1,   2,   2,    0,  400
 806  , 9/13/2021, 4:58: 0 AM,   1,   2,   2,    0,  400
 807  , 9/13/2021, 4:59: 0 AM,   0,   0,   0,    0,  400
 808  , 9/13/2021, 5: 0: 0 AM,   3,   3,   5,    0,  400
 809  , 9/13/2021, 5: 1: 0 AM,   1,   1,   1,    0,  400
 810  , 9/13/2021, 5: 2: 0 AM,   1,   1,   2,    0,  400
 811  , 9/13/2021, 5: 3: 0 AM,   0,   0,   0,    0,  400
 812  , 9/13/2021, 5: 4: 0 AM,   1,   1,   2,   38,  400
 813  , 9/13/2021, 5: 5: 0 AM,   1,   1,   1,  124,  400
 814  , 9/13/2021, 5: 6: 0 AM,   0,   0,   2,  179,  433
 815  , 9/13/2021, 5: 7: 0 AM,   0,   1,   1,  180,  400
 816  , 9/13/2021, 5: 8: 0 AM,   0,   0,   0,  168,  400
 817  , 9/13/2021, 5: 9: 0 AM,   0,   0,   0,  159,  400
 818  , 9/13/2021, 5:10: 0 AM,   0,   1,   1,  152,  400
 819  , 9/13/2021, 5:11: 0 AM,   1,   1,   2,  160,  400
